"                                   Table of contents ,,,,,,,,,,,,,,,,,,,,,,,"
"Front matter ,N/A,TwoIsmailiTreatises001.jpg,,,,,,,,,,,,,,,,,,,,,"
"______,2,TwoIsmailiTreatises005.jpg,,,,,,,,,,,,,,,,,,,,,"
"___ ___ ____ _____,4,TwoIsmailiTreatises007.jpg,,,,,,,,,,,,,,,,,,,,,"
"___ ___,5,TwoIsmailiTreatises008.jpg,,,,,,,,,,,,,,,,,,,,,"
"___ ____,8,TwoIsmailiTreatises0011.jpg,,,,,,,,,,,,,,,,,,,,,"
"___ ____,14,TwoIsmailiTreatises0017.jpg,,,,,,,,,,,,,,,,,,,,,"
"___ _____,25,TwoIsmailiTreatises0028.jpg,,,,,,,,,,,,,,,,,,,,,"
"___ ____,26,TwoIsmailiTreatises0029.jpg,,,,,,,,,,,,,,,,,,,,,"
"___ ___,36,TwoIsmailiTreatises0039.jpg,,,,,,,,,,,,,,,,,,,,,"
"___ ____,40,TwoIsmailiTreatises0043.jpg,,,,,,,,,,,,,,,,,,,,,"
"_____ ________,43,TwoIsmailiTreatises0046.jpg,,,,,,,,,,,,,,,,,,,,,"
"___ ___,44,TwoIsmailiTreatises0047.jpg,,,,,,,,,,,,,,,,,,,,,"
"___ ____,47,TwoIsmailiTreatises0050.jpg,,,,,,,,,,,,,,,,,,,,,"
"___ ____,49,TwoIsmailiTreatises0052.jpg,,,,,,,,,,,,,,,,,,,,,"
"___ _____,51,TwoIsmailiTreatises0054.jpg,,,,,,,,,,,,,,,,,,,,,"
"_____ ____ _________,56,TwoIsmailiTreatises0059.jpg,,,,,,,,,,,,,,,,,,,,,"
"Back Matter,N/A,TwoIsmailiTreatises068.jpg,,,,,,,,,,,,,,,,,,,,,"
"Front Matter (English),,TwoIsmailiTreatises0082.jpg,,,,,,,,,,,,,,,,,,,,,"
" Introduction (English),5,TwoIsmailiTreatises0073.jpg,,,,,,,,,,,,,,,,,,,,,"
",,,,,,,,,,,,,,,,,,,,,,,"
",,,,,,,,,,,,,,,,,,,,,,,"
",,,,,,,,,,,,,,,,,,,,,,,"
",,,,,,,,,,,,,,,,,,,,,,,"
",,,,,,,,,,,,,,,,,,,,,,,"
",,,,,,,,,,,,,,,,,,,,,,,"
",,,,,,,,,,,,,,,,,,,,,,,"
",,,,,,,,,,,,,,,,,,,,,,,"
",,,,,,,,,,,,,,,,,,,,,,,"
",,,,,,,,,,,,,,,,,,,,,,,"
",,,,,,,,,,,,,,,,,,,,,,,"
",,,,,,,,,,,,,,,,,,,,,,,"
",,,,,,,,,,,,,,,,,,,,,,,"
",,,,,,,,,,,,,,,,,,,,,,,"
",,,,,,,,,,,,,,,,,,,,,,,"
",,,,,,,,,,,,,,,,,,,,,,,"
",,,,,,,,,,,,,,,,,,,,,,,"
",,,,,,,,,,,,,,,,,,,,,,,"
",,,,,,,,,,,,,,,,,,,,,,,"
",,,,,,,,,,,,,,,,,,,,,,,"
",,,,,,,,,,,,,,,,,,,,,,,"
",,,,,,,,,,,,,,,,,,,,,,,"
",,,,,,,,,,,,,,,,,,,,,,,"
",,,,,,,,,,,,,,,,,,,,,,,"
",,,,,,,,,,,,,,,,,,,,,,,"
",,,,,,,,,,,,,,,,,,,,,,,"
",,,,,,,,,,,,,,,,,,,,,,,"
",,,,,,,,,,,,,,,,,,,,,,,"
",,,,,,,,,,,,,,,,,,,,,,,"
",,,,,,,,,,,,,,,,,,,,,,,"
",,,,,,,,,,,,,,,,,,,,,,,"
",,,,,,,,,,,,,,,,,,,,,,,"
",,,,,,,,,,,,,,,,,,,,,,,"
",,,,,,,,,,,,,,,,,,,,,,,"
",,,,,,,,,,,,,,,,,,,,,,,"
",,,,,,,,,,,,,,,,,,,,,,,"
",,,,,,,,,,,,,,,,,,,,,,,"
",,,,,,,,,,,,,,,,,,,,,,,"
",,,,,,,,,,,,,,,,,,,,,,,"
",,,,,,,,,,,,,,,,,,,,,,,"
",,,,,,,,,,,,,,,,,,,,,,,"
",,,,,,,,,,,,,,,,,,,,,,,"
",,,,,,,,,,,,,,,,,,,,,,,"
",,,,,,,,,,,,,,,,,,,,,,,"
",,,,,,,,,,,,,,,,,,,,,,,"
",,,,,,,,,,,,,,,,,,,,,,,"
",,,,,,,,,,,,,,,,,,,,,,,"
",,,,,,,,,,,,,,,,,,,,,,,"
",,,,,,,,,,,,,,,,,,,,,,,"
",,,,,,,,,,,,,,,,,,,,,,,"
",,,,,,,,,,,,,,,,,,,,,,,"
",,,,,,,,,,,,,,,,,,,,,,,"
",,,,,,,,,,,,,,,,,,,,,,,"
",,,,,,,,,,,,,,,,,,,,,,,"
",,,,,,,,,,,,,,,,,,,,,,,"
",,,,,,,,,,,,,,,,,,,,,,,"
",,,,,,,,,,,,,,,,,,,,,,,"
",,,,,,,,,,,,,,,,,,,,,,,"
",,,,,,,,,,,,,,,,,,,,,,,"
",,,,,,,,,,,,,,,,,,,,,,,"
",,,,,,,,,,,,,,,,,,,,,,,"
",,,,,,,,,,,,,,,,,,,,,,,"
",,,,,,,,,,,,,,,,,,,,,,,"
",,,,,,,,,,,,,,,,,,,,,,,"
",,,,,,,,,,,,,,,,,,,,,,,"
",,,,,,,,,,,,,,,,,,,,,,,"
",,,,,,,,,,,,,,,,,,,,,,,"
",,,,,,,,,,,,,,,,,,,,,,,"
",,,,,,,,,,,,,,,,,,,,,,,"
",,,,,,,,,,,,,,,,,,,,,,,"
",,,,,,,,,,,,,,,,,,,,,,,"
",,,,,,,,,,,,,,,,,,,,,,,"
",,,,,,,,,,,,,,,,,,,,,,,"
",,,,,,,,,,,,,,,,,,,,,,,"
",,,,,,,,,,,,,,,,,,,,,,,"
",,,,,,,,,,,,,,,,,,,,,,,"
",,,,,,,,,,,,,,,,,,,,,,,"
",,,,,,,,,,,,,,,,,,,,,,,"
",,,,,,,,,,,,,,,,,,,,,,,"
",,,,,,,,,,,,,,,,,,,,,,,"
",,,,,,,,,,,,,,,,,,,,,,,"
",,,,,,,,,,,,,,,,,,,,,,,"
",,,,,,,,,,,,,,,,,,,,,,,"
",,,,,,,,,,,,,,,,,,,,,,,"
",,,,,,,,,,,,,,,,,,,,,,,"
",,,,,,,,,,,,,,,,,,,,,,,"
",,,,,,,,,,,,,,,,,,,,,,,"
",,,,,,,,,,,,,,,,,,,,,,,"
",,,,,,,,,,,,,,,,,,,,,,,"
",,,,,,,,,,,,,,,,,,,,,,,"
",,,,,,,,,,,,,,,,,,,,,,,"
",,,,,,,,,,,,,,,,,,,,,,,"
",,,,,,,,,,,,,,,,,,,,,,,"
",,,,,,,,,,,,,,,,,,,,,,,"
",,,,,,,,,,,,,,,,,,,,,,,"
",,,,,,,,,,,,,,,,,,,,,,,"
",,,,,,,,,,,,,,,,,,,,,,,"
",,,,,,,,,,,,,,,,,,,,,,,"
",,,,,,,,,,,,,,,,,,,,,,,"
",,,,,,,,,,,,,,,,,,,,,,,"
",,,,,,,,,,,,,,,,,,,,,,,"
",,,,,,,,,,,,,,,,,,,,,,,"
",,,,,,,,,,,,,,,,,,,,,,,"
",,,,,,,,,,,,,,,,,,,,,,,"
",,,,,,,,,,,,,,,,,,,,,,,"
",,,,,,,,,,,,,,,,,,,,,,,"
",,,,,,,,,,,,,,,,,,,,,,,"
",,,,,,,,,,,,,,,,,,,,,,,"
",,,,,,,,,,,,,,,,,,,,,,,"
",,,,,,,,,,,,,,,,,,,,,,,"
",,,,,,,,,,,,,,,,,,,,,,,"
",,,,,,,,,,,,,,,,,,,,,,,"
",,,,,,,,,,,,,,,,,,,,,,,"
",,,,,,,,,,,,,,,,,,,,,,,"
",,,,,,,,,,,,,,,,,,,,,,,"
",,,,,,,,,,,,,,,,,,,,,,,"
",,,,,,,,,,,,,,,,,,,,,,,"
",,,,,,,,,,,,,,,,,,,,,,,"
",,,,,,,,,,,,,,,,,,,,,,,"
",,,,,,,,,,,,,,,,,,,,,,,"
",,,,,,,,,,,,,,,,,,,,,,,"
",,,,,,,,,,,,,,,,,,,,,,,"
",,,,,,,,,,,,,,,,,,,,,,,"
",,,,,,,,,,,,,,,,,,,,,,,"
",,,,,,,,,,,,,,,,,,,,,,,"
",,,,,,,,,,,,,,,,,,,,,,,"
",,,,,,,,,,,,,,,,,,,,,,,"
",,,,,,,,,,,,,,,,,,,,,,,"
",,,,,,,,,,,,,,,,,,,,,,,"
",,,,,,,,,,,,,,,,,,,,,,,"
",,,,,,,,,,,,,,,,,,,,,,,"
",,,,,,,,,,,,,,,,,,,,,,,"
",,,,,,,,,,,,,,,,,,,,,,,"
",,,,,,,,,,,,,,,,,,,,,,,"
",,,,,,,,,,,,,,,,,,,,,,,"
",,,,,,,,,,,,,,,,,,,,,,,"
",,,,,,,,,,,,,,,,,,,,,,,"
",,,,,,,,,,,,,,,,,,,,,,,"
",,,,,,,,,,,,,,,,,,,,,,,"
",,,,,,,,,,,,,,,,,,,,,,,"
",,,,,,,,,,,,,,,,,,,,,,,"
",,,,,,,,,,,,,,,,,,,,,,,"
",,,,,,,,,,,,,,,,,,,,,,,"
",,,,,,,,,,,,,,,,,,,,,,,"
",,,,,,,,,,,,,,,,,,,,,,,"
",,,,,,,,,,,,,,,,,,,,,,,"
",,,,,,,,,,,,,,,,,,,,,,,"
",,,,,,,,,,,,,,,,,,,,,,,"
",,,,,,,,,,,,,,,,,,,,,,,"
",,,,,,,,,,,,,,,,,,,,,,,"
",,,,,,,,,,,,,,,,,,,,,,,"
",,,,,,,,,,,,,,,,,,,,,,,"
",,,,,,,,,,,,,,,,,,,,,,,"
",,,,,,,,,,,,,,,,,,,,,,,"
",,,,,,,,,,,,,,,,,,,,,,,"
",,,,,,,,,,,,,,,,,,,,,,,"
",,,,,,,,,,,,,,,,,,,,,,,"
",,,,,,,,,,,,,,,,,,,,,,,"
",,,,,,,,,,,,,,,,,,,,,,,"
",,,,,,,,,,,,,,,,,,,,,,,"
",,,,,,,,,,,,,,,,,,,,,,,"
",,,,,,,,,,,,,,,,,,,,,,,"
",,,,,,,,,,,,,,,,,,,,,,,"
",,,,,,,,,,,,,,,,,,,,,,,"
",,,,,,,,,,,,,,,,,,,,,,,"
",,,,,,,,,,,,,,,,,,,,,,,"
",,,,,,,,,,,,,,,,,,,,,,,"
",,,,,,,,,,,,,,,,,,,,,,,"
",,,,,,,,,,,,,,,,,,,,,,,"
",,,,,,,,,,,,,,,,,,,,,,,"
",,,,,,,,,,,,,,,,,,,,,,,"
",,,,,,,,,,,,,,,,,,,,,,,"
",,,,,,,,,,,,,,,,,,,,,,,"
",,,,,,,,,,,,,,,,,,,,,,,"
",,,,,,,,,,,,,,,,,,,,,,,"
",,,,,,,,,,,,,,,,,,,,,,,"
",,,,,,,,,,,,,,,,,,,,,,,"
",,,,,,,,,,,,,,,,,,,,,,,"
",,,,,,,,,,,,,,,,,,,,,,,"
",,,,,,,,,,,,,,,,,,,,,,,"
",,,,,,,,,,,,,,,,,,,,,,,"
",,,,,,,,,,,,,,,,,,,,,,,"
",,,,,,,,,,,,,,,,,,,,,,,"
",,,,,,,,,,,,,,,,,,,,,,,"
",,,,,,,,,,,,,,,,,,,,,,,"
",,,,,,,,,,,,,,,,,,,,,,,"
",,,,,,,,,,,,,,,,,,,,,,,"
",,,,,,,,,,,,,,,,,,,,,,,"
",,,,,,,,,,,,,,,,,,,,,,,"
",,,,,,,,,,,,,,,,,,,,,,,"
",,,,,,,,,,,,,,,,,,,,,,,"
",,,,,,,,,,,,,,,,,,,,,,,"
",,,,,,,,,,,,,,,,,,,,,,,"
",,,,,,,,,,,,,,,,,,,,,,,"
",,,,,,,,,,,,,,,,,,,,,,,"
",,,,,,,,,,,,,,,,,,,,,,,"
",,,,,,,,,,,,,,,,,,,,,,,"
",,,,,,,,,,,,,,,,,,,,,,,"
",,,,,,,,,,,,,,,,,,,,,,,"
",,,,,,,,,,,,,,,,,,,,,,,"
",,,,,,,,,,,,,,,,,,,,,,,"
",,,,,,,,,,,,,,,,,,,,,,,"
",,,,,,,,,,,,,,,,,,,,,,,"
",,,,,,,,,,,,,,,,,,,,,,,"
",,,,,,,,,,,,,,,,,,,,,,,"
",,,,,,,,,,,,,,,,,,,,,,,"
",,,,,,,,,,,,,,,,,,,,,,,"
",,,,,,,,,,,,,,,,,,,,,,,"
",,,,,,,,,,,,,,,,,,,,,,,"
",,,,,,,,,,,,,,,,,,,,,,,"
",,,,,,,,,,,,,,,,,,,,,,,"
",,,,,,,,,,,,,,,,,,,,,,,"
",,,,,,,,,,,,,,,,,,,,,,,"
",,,,,,,,,,,,,,,,,,,,,,,"
",,,,,,,,,,,,,,,,,,,,,,,"
",,,,,,,,,,,,,,,,,,,,,,,"
",,,,,,,,,,,,,,,,,,,,,,,"
",,,,,,,,,,,,,,,,,,,,,,,"
",,,,,,,,,,,,,,,,,,,,,,,"
",,,,,,,,,,,,,,,,,,,,,,,"
",,,,,,,,,,,,,,,,,,,,,,,"
",,,,,,,,,,,,,,,,,,,,,,,"
",,,,,,,,,,,,,,,,,,,,,,,"
",,,,,,,,,,,,,,,,,,,,,,,"
",,,,,,,,,,,,,,,,,,,,,,,"
",,,,,,,,,,,,,,,,,,,,,,,"
",,,,,,,,,,,,,,,,,,,,,,,"
",,,,,,,,,,,,,,,,,,,,,,,"
",,,,,,,,,,,,,,,,,,,,,,,"
",,,,,,,,,,,,,,,,,,,,,,,"
",,,,,,,,,,,,,,,,,,,,,,,"
",,,,,,,,,,,,,,,,,,,,,,,"
",,,,,,,,,,,,,,,,,,,,,,,"
",,,,,,,,,,,,,,,,,,,,,,,"
",,,,,,,,,,,,,,,,,,,,,,,"
",,,,,,,,,,,,,,,,,,,,,,,"
",,,,,,,,,,,,,,,,,,,,,,,"
",,,,,,,,,,,,,,,,,,,,,,,"
",,,,,,,,,,,,,,,,,,,,,,,"
",,,,,,,,,,,,,,,,,,,,,,,"
",,,,,,,,,,,,,,,,,,,,,,,"
",,,,,,,,,,,,,,,,,,,,,,,"
",,,,,,,,,,,,,,,,,,,,,,,"
",,,,,,,,,,,,,,,,,,,,,,,"
",,,,,,,,,,,,,,,,,,,,,,,"
",,,,,,,,,,,,,,,,,,,,,,,"
",,,,,,,,,,,,,,,,,,,,,,,"
",,,,,,,,,,,,,,,,,,,,,,,"
",,,,,,,,,,,,,,,,,,,,,,,"
",,,,,,,,,,,,,,,,,,,,,,,"
",,,,,,,,,,,,,,,,,,,,,,,"
",,,,,,,,,,,,,,,,,,,,,,,"
",,,,,,,,,,,,,,,,,,,,,,,"
",,,,,,,,,,,,,,,,,,,,,,,"
",,,,,,,,,,,,,,,,,,,,,,,"
",,,,,,,,,,,,,,,,,,,,,,,"
",,,,,,,,,,,,,,,,,,,,,,,"
",,,,,,,,,,,,,,,,,,,,,,,"
",,,,,,,,,,,,,,,,,,,,,,,"
",,,,,,,,,,,,,,,,,,,,,,,"
",,,,,,,,,,,,,,,,,,,,,,,"
",,,,,,,,,,,,,,,,,,,,,,,"
",,,,,,,,,,,,,,,,,,,,,,,"
",,,,,,,,,,,,,,,,,,,,,,,"
",,,,,,,,,,,,,,,,,,,,,,,"
",,,,,,,,,,,,,,,,,,,,,,,"
",,,,,,,,,,,,,,,,,,,,,,,"
",,,,,,,,,,,,,,,,,,,,,,,"
",,,,,,,,,,,,,,,,,,,,,,,"
",,,,,,,,,,,,,,,,,,,,,,,"
",,,,,,,,,,,,,,,,,,,,,,,"
",,,,,,,,,,,,,,,,,,,,,,,"
",,,,,,,,,,,,,,,,,,,,,,,"
",,,,,,,,,,,,,,,,,,,,,,,"
",,,,,,,,,,,,,,,,,,,,,,,"
",,,,,,,,,,,,,,,,,,,,,,,"
",,,,,,,,,,,,,,,,,,,,,,,"
",,,,,,,,,,,,,,,,,,,,,,,"
",,,,,,,,,,,,,,,,,,,,,,,"
",,,,,,,,,,,,,,,,,,,,,,,"
",,,,,,,,,,,,,,,,,,,,,,,"
",,,,,,,,,,,,,,,,,,,,,,,"
",,,,,,,,,,,,,,,,,,,,,,,"
",,,,,,,,,,,,,,,,,,,,,,,"
",,,,,,,,,,,,,,,,,,,,,,,"
",,,,,,,,,,,,,,,,,,,,,,,"
",,,,,,,,,,,,,,,,,,,,,,,"
",,,,,,,,,,,,,,,,,,,,,,,"
",,,,,,,,,,,,,,,,,,,,,,,"
",,,,,,,,,,,,,,,,,,,,,,,"
",,,,,,,,,,,,,,,,,,,,,,,"
",,,,,,,,,,,,,,,,,,,,,,,"
",,,,,,,,,,,,,,,,,,,,,,,"
",,,,,,,,,,,,,,,,,,,,,,,"
",,,,,,,,,,,,,,,,,,,,,,,"
",,,,,,,,,,,,,,,,,,,,,,,"
",,,,,,,,,,,,,,,,,,,,,,,"
",,,,,,,,,,,,,,,,,,,,,,,"
",,,,,,,,,,,,,,,,,,,,,,,"
",,,,,,,,,,,,,,,,,,,,,,,"
",,,,,,,,,,,,,,,,,,,,,,,"
",,,,,,,,,,,,,,,,,,,,,,,"
",,,,,,,,,,,,,,,,,,,,,,,"
",,,,,,,,,,,,,,,,,,,,,,,"
",,,,,,,,,,,,,,,,,,,,,,,"
",,,,,,,,,,,,,,,,,,,,,,,"
",,,,,,,,,,,,,,,,,,,,,,,"
",,,,,,,,,,,,,,,,,,,,,,,"
",,,,,,,,,,,,,,,,,,,,,,,"
",,,,,,,,,,,,,,,,,,,,,,,"
",,,,,,,,,,,,,,,,,,,,,,,"
",,,,,,,,,,,,,,,,,,,,,,,"
",,,,,,,,,,,,,,,,,,,,,,,"
",,,,,,,,,,,,,,,,,,,,,,,"
",,,,,,,,,,,,,,,,,,,,,,,"
",,,,,,,,,,,,,,,,,,,,,,,"
",,,,,,,,,,,,,,,,,,,,,,,"
",,,,,,,,,,,,,,,,,,,,,,,"
",,,,,,,,,,,,,,,,,,,,,,,"
",,,,,,,,,,,,,,,,,,,,,,,"
",,,,,,,,,,,,,,,,,,,,,,,"
",,,,,,,,,,,,,,,,,,,,,,,"
",,,,,,,,,,,,,,,,,,,,,,,"
",,,,,,,,,,,,,,,,,,,,,,,"
",,,,,,,,,,,,,,,,,,,,,,,"
",,,,,,,,,,,,,,,,,,,,,,,"
",,,,,,,,,,,,,,,,,,,,,,,"
",,,,,,,,,,,,,,,,,,,,,,,"
",,,,,,,,,,,,,,,,,,,,,,,"
",,,,,,,,,,,,,,,,,,,,,,,"
",,,,,,,,,,,,,,,,,,,,,,,"
",,,,,,,,,,,,,,,,,,,,,,,"
",,,,,,,,,,,,,,,,,,,,,,,"
",,,,,,,,,,,,,,,,,,,,,,,"
",,,,,,,,,,,,,,,,,,,,,,,"
",,,,,,,,,,,,,,,,,,,,,,,"
",,,,,,,,,,,,,,,,,,,,,,,"
",,,,,,,,,,,,,,,,,,,,,,,"
",,,,,,,,,,,,,,,,,,,,,,,"
",,,,,,,,,,,,,,,,,,,,,,,"
",,,,,,,,,,,,,,,,,,,,,,,"
",,,,,,,,,,,,,,,,,,,,,,,"
",,,,,,,,,,,,,,,,,,,,,,,"
",,,,,,,,,,,,,,,,,,,,,,,"
",,,,,,,,,,,,,,,,,,,,,,,"
",,,,,,,,,,,,,,,,,,,,,,,"
",,,,,,,,,,,,,,,,,,,,,,,"
",,,,,,,,,,,,,,,,,,,,,,,"
",,,,,,,,,,,,,,,,,,,,,,,"
",,,,,,,,,,,,,,,,,,,,,,,"
",,,,,,,,,,,,,,,,,,,,,,,"
",,,,,,,,,,,,,,,,,,,,,,,"
",,,,,,,,,,,,,,,,,,,,,,,"
",,,,,,,,,,,,,,,,,,,,,,,"
",,,,,,,,,,,,,,,,,,,,,,,"
",,,,,,,,,,,,,,,,,,,,,,,"
",,,,,,,,,,,,,,,,,,,,,,,"
",,,,,,,,,,,,,,,,,,,,,,,"
",,,,,,,,,,,,,,,,,,,,,,,"
",,,,,,,,,,,,,,,,,,,,,,,"
",,,,,,,,,,,,,,,,,,,,,,,"
",,,,,,,,,,,,,,,,,,,,,,,"
",,,,,,,,,,,,,,,,,,,,,,,"
",,,,,,,,,,,,,,,,,,,,,,,"
",,,,,,,,,,,,,,,,,,,,,,,"
",,,,,,,,,,,,,,,,,,,,,,,"
",,,,,,,,,,,,,,,,,,,,,,,"
",,,,,,,,,,,,,,,,,,,,,,,"
",,,,,,,,,,,,,,,,,,,,,,,"
",,,,,,,,,,,,,,,,,,,,,,,"
",,,,,,,,,,,,,,,,,,,,,,,"
",,,,,,,,,,,,,,,,,,,,,,,"
",,,,,,,,,,,,,,,,,,,,,,,"
",,,,,,,,,,,,,,,,,,,,,,,"
",,,,,,,,,,,,,,,,,,,,,,,"
",,,,,,,,,,,,,,,,,,,,,,,"
",,,,,,,,,,,,,,,,,,,,,,,"
",,,,,,,,,,,,,,,,,,,,,,,"
",,,,,,,,,,,,,,,,,,,,,,,"
",,,,,,,,,,,,,,,,,,,,,,,"
",,,,,,,,,,,,,,,,,,,,,,,"
",,,,,,,,,,,,,,,,,,,,,,,"
",,,,,,,,,,,,,,,,,,,,,,,"
",,,,,,,,,,,,,,,,,,,,,,,"
",,,,,,,,,,,,,,,,,,,,,,,"
",,,,,,,,,,,,,,,,,,,,,,,"
",,,,,,,,,,,,,,,,,,,,,,,"
",,,,,,,,,,,,,,,,,,,,,,,"
",,,,,,,,,,,,,,,,,,,,,,,"
",,,,,,,,,,,,,,,,,,,,,,,"
",,,,,,,,,,,,,,,,,,,,,,,"
",,,,,,,,,,,,,,,,,,,,,,,"
",,,,,,,,,,,,,,,,,,,,,,,"
",,,,,,,,,,,,,,,,,,,,,,,"
",,,,,,,,,,,,,,,,,,,,,,,"
",,,,,,,,,,,,,,,,,,,,,,,"
",,,,,,,,,,,,,,,,,,,,,,,"
",,,,,,,,,,,,,,,,,,,,,,,"
",,,,,,,,,,,,,,,,,,,,,,,"
",,,,,,,,,,,,,,,,,,,,,,,"
",,,,,,,,,,,,,,,,,,,,,,,"
",,,,,,,,,,,,,,,,,,,,,,,"
",,,,,,,,,,,,,,,,,,,,,,,"
",,,,,,,,,,,,,,,,,,,,,,,"
",,,,,,,,,,,,,,,,,,,,,,,"
",,,,,,,,,,,,,,,,,,,,,,,"
",,,,,,,,,,,,,,,,,,,,,,,"
",,,,,,,,,,,,,,,,,,,,,,,"
",,,,,,,,,,,,,,,,,,,,,,,"
",,,,,,,,,,,,,,,,,,,,,,,"
",,,,,,,,,,,,,,,,,,,,,,,"
",,,,,,,,,,,,,,,,,,,,,,,"
",,,,,,,,,,,,,,,,,,,,,,,"
",,,,,,,,,,,,,,,,,,,,,,,"
",,,,,,,,,,,,,,,,,,,,,,,"
",,,,,,,,,,,,,,,,,,,,,,,"
",,,,,,,,,,,,,,,,,,,,,,,"
",,,,,,,,,,,,,,,,,,,,,,,"
",,,,,,,,,,,,,,,,,,,,,,,"
",,,,,,,,,,,,,,,,,,,,,,,"
",,,,,,,,,,,,,,,,,,,,,,,"
",,,,,,,,,,,,,,,,,,,,,,,"
",,,,,,,,,,,,,,,,,,,,,,,"
",,,,,,,,,,,,,,,,,,,,,,,"
",,,,,,,,,,,,,,,,,,,,,,,"
",,,,,,,,,,,,,,,,,,,,,,,"
",,,,,,,,,,,,,,,,,,,,,,,"
",,,,,,,,,,,,,,,,,,,,,,,"
",,,,,,,,,,,,,,,,,,,,,,,"
",,,,,,,,,,,,,,,,,,,,,,,"
",,,,,,,,,,,,,,,,,,,,,,,"
",,,,,,,,,,,,,,,,,,,,,,,"
",,,,,,,,,,,,,,,,,,,,,,,"
",,,,,,,,,,,,,,,,,,,,,,,"
",,,,,,,,,,,,,,,,,,,,,,,"
",,,,,,,,,,,,,,,,,,,,,,,"
",,,,,,,,,,,,,,,,,,,,,,,"
",,,,,,,,,,,,,,,,,,,,,,,"
",,,,,,,,,,,,,,,,,,,,,,,"
",,,,,,,,,,,,,,,,,,,,,,,"
",,,,,,,,,,,,,,,,,,,,,,,"
",,,,,,,,,,,,,,,,,,,,,,,"
",,,,,,,,,,,,,,,,,,,,,,,"
",,,,,,,,,,,,,,,,,,,,,,,"
",,,,,,,,,,,,,,,,,,,,,,,"
",,,,,,,,,,,,,,,,,,,,,,,"
",,,,,,,,,,,,,,,,,,,,,,,"
",,,,,,,,,,,,,,,,,,,,,,,"
",,,,,,,,,,,,,,,,,,,,,,,"
",,,,,,,,,,,,,,,,,,,,,,,"
",,,,,,,,,,,,,,,,,,,,,,,"
",,,,,,,,,,,,,,,,,,,,,,,"
",,,,,,,,,,,,,,,,,,,,,,,"
",,,,,,,,,,,,,,,,,,,,,,,"
",,,,,,,,,,,,,,,,,,,,,,,"
",,,,,,,,,,,,,,,,,,,,,,,"
",,,,,,,,,,,,,,,,,,,,,,,"
",,,,,,,,,,,,,,,,,,,,,,,"
",,,,,,,,,,,,,,,,,,,,,,,"
",,,,,,,,,,,,,,,,,,,,,,,"
",,,,,,,,,,,,,,,,,,,,,,,"
",,,,,,,,,,,,,,,,,,,,,,,"
",,,,,,,,,,,,,,,,,,,,,,,"
",,,,,,,,,,,,,,,,,,,,,,,"
",,,,,,,,,,,,,,,,,,,,,,,"
",,,,,,,,,,,,,,,,,,,,,,,"
",,,,,,,,,,,,,,,,,,,,,,,"
",,,,,,,,,,,,,,,,,,,,,,,"
",,,,,,,,,,,,,,,,,,,,,,,"
",,,,,,,,,,,,,,,,,,,,,,,"
",,,,,,,,,,,,,,,,,,,,,,,"
",,,,,,,,,,,,,,,,,,,,,,,"
",,,,,,,,,,,,,,,,,,,,,,,"
",,,,,,,,,,,,,,,,,,,,,,,"
",,,,,,,,,,,,,,,,,,,,,,,"
",,,,,,,,,,,,,,,,,,,,,,,"
",,,,,,,,,,,,,,,,,,,,,,,"
",,,,,,,,,,,,,,,,,,,,,,,"
",,,,,,,,,,,,,,,,,,,,,,,"
",,,,,,,,,,,,,,,,,,,,,,,"
",,,,,,,,,,,,,,,,,,,,,,,"
",,,,,,,,,,,,,,,,,,,,,,,"
",,,,,,,,,,,,,,,,,,,,,,,"
",,,,,,,,,,,,,,,,,,,,,,,"
",,,,,,,,,,,,,,,,,,,,,,,"
",,,,,,,,,,,,,,,,,,,,,,,"
",,,,,,,,,,,,,,,,,,,,,,,"
",,,,,,,,,,,,,,,,,,,,,,,"
",,,,,,,,,,,,,,,,,,,,,,,"
",,,,,,,,,,,,,,,,,,,,,,,"
",,,,,,,,,,,,,,,,,,,,,,,"
",,,,,,,,,,,,,,,,,,,,,,,"
",,,,,,,,,,,,,,,,,,,,,,,"
",,,,,,,,,,,,,,,,,,,,,,,"
",,,,,,,,,,,,,,,,,,,,,,,"
",,,,,,,,,,,,,,,,,,,,,,,"
",,,,,,,,,,,,,,,,,,,,,,,"
",,,,,,,,,,,,,,,,,,,,,,,"
",,,,,,,,,,,,,,,,,,,,,,,"
",,,,,,,,,,,,,,,,,,,,,,,"
",,,,,,,,,,,,,,,,,,,,,,,"
",,,,,,,,,,,,,,,,,,,,,,,"
",,,,,,,,,,,,,,,,,,,,,,,"
",,,,,,,,,,,,,,,,,,,,,,,"
",,,,,,,,,,,,,,,,,,,,,,,"
",,,,,,,,,,,,,,,,,,,,,,,"
",,,,,,,,,,,,,,,,,,,,,,,"
",,,,,,,,,,,,,,,,,,,,,,,"
",,,,,,,,,,,,,,,,,,,,,,,"
",,,,,,,,,,,,,,,,,,,,,,,"
",,,,,,,,,,,,,,,,,,,,,,,"
",,,,,,,,,,,,,,,,,,,,,,,"
",,,,,,,,,,,,,,,,,,,,,,,"
",,,,,,,,,,,,,,,,,,,,,,,"
",,,,,,,,,,,,,,,,,,,,,,,"
",,,,,,,,,,,,,,,,,,,,,,,"
",,,,,,,,,,,,,,,,,,,,,,,"
",,,,,,,,,,,,,,,,,,,,,,,"
",,,,,,,,,,,,,,,,,,,,,,,"
",,,,,,,,,,,,,,,,,,,,,,,"
",,,,,,,,,,,,,,,,,,,,,,,"
",,,,,,,,,,,,,,,,,,,,,,,"
",,,,,,,,,,,,,,,,,,,,,,,"
",,,,,,,,,,,,,,,,,,,,,,,"
",,,,,,,,,,,,,,,,,,,,,,,"
",,,,,,,,,,,,,,,,,,,,,,,"
",,,,,,,,,,,,,,,,,,,,,,,"
",,,,,,,,,,,,,,,,,,,,,,,"
",,,,,,,,,,,,,,,,,,,,,,,"
",,,,,,,,,,,,,,,,,,,,,,,"
",,,,,,,,,,,,,,,,,,,,,,,"
",,,,,,,,,,,,,,,,,,,,,,,"
",,,,,,,,,,,,,,,,,,,,,,,"
",,,,,,,,,,,,,,,,,,,,,,,"
",,,,,,,,,,,,,,,,,,,,,,,"
",,,,,,,,,,,,,,,,,,,,,,,"
",,,,,,,,,,,,,,,,,,,,,,,"
",,,,,,,,,,,,,,,,,,,,,,,"
",,,,,,,,,,,,,,,,,,,,,,,"
",,,,,,,,,,,,,,,,,,,,,,,"
",,,,,,,,,,,,,,,,,,,,,,,"
",,,,,,,,,,,,,,,,,,,,,,,"
",,,,,,,,,,,,,,,,,,,,,,,"
",,,,,,,,,,,,,,,,,,,,,,,"
",,,,,,,,,,,,,,,,,,,,,,,"
",,,,,,,,,,,,,,,,,,,,,,,"
",,,,,,,,,,,,,,,,,,,,,,,"
",,,,,,,,,,,,,,,,,,,,,,,"
",,,,,,,,,,,,,,,,,,,,,,,"
",,,,,,,,,,,,,,,,,,,,,,,"
",,,,,,,,,,,,,,,,,,,,,,,"
",,,,,,,,,,,,,,,,,,,,,,,"
",,,,,,,,,,,,,,,,,,,,,,,"
",,,,,,,,,,,,,,,,,,,,,,,"
",,,,,,,,,,,,,,,,,,,,,,,"
",,,,,,,,,,,,,,,,,,,,,,,"
",,,,,,,,,,,,,,,,,,,,,,,"
",,,,,,,,,,,,,,,,,,,,,,,"
",,,,,,,,,,,,,,,,,,,,,,,"
",,,,,,,,,,,,,,,,,,,,,,,"
",,,,,,,,,,,,,,,,,,,,,,,"
",,,,,,,,,,,,,,,,,,,,,,,"
",,,,,,,,,,,,,,,,,,,,,,,"
",,,,,,,,,,,,,,,,,,,,,,,"
",,,,,,,,,,,,,,,,,,,,,,,"
",,,,,,,,,,,,,,,,,,,,,,,"
",,,,,,,,,,,,,,,,,,,,,,,"
",,,,,,,,,,,,,,,,,,,,,,,"
",,,,,,,,,,,,,,,,,,,,,,,"
",,,,,,,,,,,,,,,,,,,,,,,"
",,,,,,,,,,,,,,,,,,,,,,,"
",,,,,,,,,,,,,,,,,,,,,,,"
",,,,,,,,,,,,,,,,,,,,,,,"
",,,,,,,,,,,,,,,,,,,,,,,"
",,,,,,,,,,,,,,,,,,,,,,,"
",,,,,,,,,,,,,,,,,,,,,,,"
",,,,,,,,,,,,,,,,,,,,,,,"
",,,,,,,,,,,,,,,,,,,,,,,"
",,,,,,,,,,,,,,,,,,,,,,,"
",,,,,,,,,,,,,,,,,,,,,,,"
",,,,,,,,,,,,,,,,,,,,,,,"
",,,,,,,,,,,,,,,,,,,,,,,"
",,,,,,,,,,,,,,,,,,,,,,,"
",,,,,,,,,,,,,,,,,,,,,,,"
",,,,,,,,,,,,,,,,,,,,,,,"
",,,,,,,,,,,,,,,,,,,,,,,"
",,,,,,,,,,,,,,,,,,,,,,,"
",,,,,,,,,,,,,,,,,,,,,,,"
",,,,,,,,,,,,,,,,,,,,,,,"
",,,,,,,,,,,,,,,,,,,,,,,"
",,,,,,,,,,,,,,,,,,,,,,,"
",,,,,,,,,,,,,,,,,,,,,,,"
",,,,,,,,,,,,,,,,,,,,,,,"
",,,,,,,,,,,,,,,,,,,,,,,"
",,,,,,,,,,,,,,,,,,,,,,,"
",,,,,,,,,,,,,,,,,,,,,,,"
",,,,,,,,,,,,,,,,,,,,,,,"
",,,,,,,,,,,,,,,,,,,,,,,"
",,,,,,,,,,,,,,,,,,,,,,,"
",,,,,,,,,,,,,,,,,,,,,,,"
",,,,,,,,,,,,,,,,,,,,,,,"
",,,,,,,,,,,,,,,,,,,,,,,"
",,,,,,,,,,,,,,,,,,,,,,,"
",,,,,,,,,,,,,,,,,,,,,,,"
",,,,,,,,,,,,,,,,,,,,,,,"
",,,,,,,,,,,,,,,,,,,,,,,"
",,,,,,,,,,,,,,,,,,,,,,,"
",,,,,,,,,,,,,,,,,,,,,,,"
",,,,,,,,,,,,,,,,,,,,,,,"
",,,,,,,,,,,,,,,,,,,,,,,"
",,,,,,,,,,,,,,,,,,,,,,,"
",,,,,,,,,,,,,,,,,,,,,,,"
",,,,,,,,,,,,,,,,,,,,,,,"
",,,,,,,,,,,,,,,,,,,,,,,"
",,,,,,,,,,,,,,,,,,,,,,,"
",,,,,,,,,,,,,,,,,,,,,,,"
",,,,,,,,,,,,,,,,,,,,,,,"
",,,,,,,,,,,,,,,,,,,,,,,"
",,,,,,,,,,,,,,,,,,,,,,,"
",,,,,,,,,,,,,,,,,,,,,,,"
",,,,,,,,,,,,,,,,,,,,,,,"
",,,,,,,,,,,,,,,,,,,,,,,"
",,,,,,,,,,,,,,,,,,,,,,,"
",,,,,,,,,,,,,,,,,,,,,,,"
",,,,,,,,,,,,,,,,,,,,,,,"
",,,,,,,,,,,,,,,,,,,,,,,"
",,,,,,,,,,,,,,,,,,,,,,,"
",,,,,,,,,,,,,,,,,,,,,,,"
",,,,,,,,,,,,,,,,,,,,,,,"
",,,,,,,,,,,,,,,,,,,,,,,"
",,,,,,,,,,,,,,,,,,,,,,,"
",,,,,,,,,,,,,,,,,,,,,,,"
",,,,,,,,,,,,,,,,,,,,,,,"
",,,,,,,,,,,,,,,,,,,,,,,"
",,,,,,,,,,,,,,,,,,,,,,,"
",,,,,,,,,,,,,,,,,,,,,,,"
",,,,,,,,,,,,,,,,,,,,,,,"
",,,,,,,,,,,,,,,,,,,,,,,"
",,,,,,,,,,,,,,,,,,,,,,,"
",,,,,,,,,,,,,,,,,,,,,,,"
",,,,,,,,,,,,,,,,,,,,,,,"
",,,,,,,,,,,,,,,,,,,,,,,"
",,,,,,,,,,,,,,,,,,,,,,,"
",,,,,,,,,,,,,,,,,,,,,,,"
",,,,,,,,,,,,,,,,,,,,,,,"
",,,,,,,,,,,,,,,,,,,,,,,"
",,,,,,,,,,,,,,,,,,,,,,,"
",,,,,,,,,,,,,,,,,,,,,,,"
",,,,,,,,,,,,,,,,,,,,,,,"
",,,,,,,,,,,,,,,,,,,,,,,"
",,,,,,,,,,,,,,,,,,,,,,,"
",,,,,,,,,,,,,,,,,,,,,,,"
",,,,,,,,,,,,,,,,,,,,,,,"
",,,,,,,,,,,,,,,,,,,,,,,"
",,,,,,,,,,,,,,,,,,,,,,,"
",,,,,,,,,,,,,,,,,,,,,,,"
",,,,,,,,,,,,,,,,,,,,,,,"
",,,,,,,,,,,,,,,,,,,,,,,"
",,,,,,,,,,,,,,,,,,,,,,,"
",,,,,,,,,,,,,,,,,,,,,,,"
",,,,,,,,,,,,,,,,,,,,,,,"
",,,,,,,,,,,,,,,,,,,,,,,"
",,,,,,,,,,,,,,,,,,,,,,,"
",,,,,,,,,,,,,,,,,,,,,,,"
",,,,,,,,,,,,,,,,,,,,,,,"
",,,,,,,,,,,,,,,,,,,,,,,"
",,,,,,,,,,,,,,,,,,,,,,,"
",,,,,,,,,,,,,,,,,,,,,,,"
",,,,,,,,,,,,,,,,,,,,,,,"
",,,,,,,,,,,,,,,,,,,,,,,"
",,,,,,,,,,,,,,,,,,,,,,,"
",,,,,,,,,,,,,,,,,,,,,,,"
",,,,,,,,,,,,,,,,,,,,,,,"
",,,,,,,,,,,,,,,,,,,,,,,"
",,,,,,,,,,,,,,,,,,,,,,,"
",,,,,,,,,,,,,,,,,,,,,,,"
",,,,,,,,,,,,,,,,,,,,,,,"
",,,,,,,,,,,,,,,,,,,,,,,"
",,,,,,,,,,,,,,,,,,,,,,,"
",,,,,,,,,,,,,,,,,,,,,,,"
",,,,,,,,,,,,,,,,,,,,,,,"
",,,,,,,,,,,,,,,,,,,,,,,"
",,,,,,,,,,,,,,,,,,,,,,,"
",,,,,,,,,,,,,,,,,,,,,,,"
",,,,,,,,,,,,,,,,,,,,,,,"
",,,,,,,,,,,,,,,,,,,,,,,"
",,,,,,,,,,,,,,,,,,,,,,,"
",,,,,,,,,,,,,,,,,,,,,,,"
",,,,,,,,,,,,,,,,,,,,,,,"
",,,,,,,,,,,,,,,,,,,,,,,"
",,,,,,,,,,,,,,,,,,,,,,,"
",,,,,,,,,,,,,,,,,,,,,,,"
",,,,,,,,,,,,,,,,,,,,,,,"
",,,,,,,,,,,,,,,,,,,,,,,"
",,,,,,,,,,,,,,,,,,,,,,,"
",,,,,,,,,,,,,,,,,,,,,,,"
",,,,,,,,,,,,,,,,,,,,,,,"
",,,,,,,,,,,,,,,,,,,,,,,"
",,,,,,,,,,,,,,,,,,,,,,,"
",,,,,,,,,,,,,,,,,,,,,,,"
",,,,,,,,,,,,,,,,,,,,,,,"
",,,,,,,,,,,,,,,,,,,,,,,"
",,,,,,,,,,,,,,,,,,,,,,,"
",,,,,,,,,,,,,,,,,,,,,,,"
",,,,,,,,,,,,,,,,,,,,,,,"
",,,,,,,,,,,,,,,,,,,,,,,"
",,,,,,,,,,,,,,,,,,,,,,,"
",,,,,,,,,,,,,,,,,,,,,,,"
",,,,,,,,,,,,,,,,,,,,,,,"
",,,,,,,,,,,,,,,,,,,,,,,"
",,,,,,,,,,,,,,,,,,,,,,,"
",,,,,,,,,,,,,,,,,,,,,,,"
",,,,,,,,,,,,,,,,,,,,,,,"
",,,,,,,,,,,,,,,,,,,,,,,"
",,,,,,,,,,,,,,,,,,,,,,,"
",,,,,,,,,,,,,,,,,,,,,,,"
",,,,,,,,,,,,,,,,,,,,,,,"
",,,,,,,,,,,,,,,,,,,,,,,"
",,,,,,,,,,,,,,,,,,,,,,,"
",,,,,,,,,,,,,,,,,,,,,,,"
",,,,,,,,,,,,,,,,,,,,,,,"
",,,,,,,,,,,,,,,,,,,,,,,"
",,,,,,,,,,,,,,,,,,,,,,,"
",,,,,,,,,,,,,,,,,,,,,,,"
",,,,,,,,,,,,,,,,,,,,,,,"
",,,,,,,,,,,,,,,,,,,,,,,"
",,,,,,,,,,,,,,,,,,,,,,,"
",,,,,,,,,,,,,,,,,,,,,,,"
",,,,,,,,,,,,,,,,,,,,,,,"
",,,,,,,,,,,,,,,,,,,,,,,"
",,,,,,,,,,,,,,,,,,,,,,,"
",,,,,,,,,,,,,,,,,,,,,,,"
",,,,,,,,,,,,,,,,,,,,,,,"
",,,,,,,,,,,,,,,,,,,,,,,"
",,,,,,,,,,,,,,,,,,,,,,,"
",,,,,,,,,,,,,,,,,,,,,,,"
",,,,,,,,,,,,,,,,,,,,,,,"
",,,,,,,,,,,,,,,,,,,,,,,"
",,,,,,,,,,,,,,,,,,,,,,,"
",,,,,,,,,,,,,,,,,,,,,,,"
",,,,,,,,,,,,,,,,,,,,,,,"
",,,,,,,,,,,,,,,,,,,,,,,"
",,,,,,,,,,,,,,,,,,,,,,,"
",,,,,,,,,,,,,,,,,,,,,,,"
",,,,,,,,,,,,,,,,,,,,,,,"
",,,,,,,,,,,,,,,,,,,,,,,"
",,,,,,,,,,,,,,,,,,,,,,,"
",,,,,,,,,,,,,,,,,,,,,,,"
",,,,,,,,,,,,,,,,,,,,,,,"
",,,,,,,,,,,,,,,,,,,,,,,"
",,,,,,,,,,,,,,,,,,,,,,,"
",,,,,,,,,,,,,,,,,,,,,,,"
",,,,,,,,,,,,,,,,,,,,,,,"
",,,,,,,,,,,,,,,,,,,,,,,"
",,,,,,,,,,,,,,,,,,,,,,,"
",,,,,,,,,,,,,,,,,,,,,,,"
",,,,,,,,,,,,,,,,,,,,,,,"
",,,,,,,,,,,,,,,,,,,,,,,"
",,,,,,,,,,,,,,,,,,,,,,,"
",,,,,,,,,,,,,,,,,,,,,,,"
",,,,,,,,,,,,,,,,,,,,,,,"
",,,,,,,,,,,,,,,,,,,,,,,"
",,,,,,,,,,,,,,,,,,,,,,,"
",,,,,,,,,,,,,,,,,,,,,,,"
",,,,,,,,,,,,,,,,,,,,,,,"
",,,,,,,,,,,,,,,,,,,,,,,"
",,,,,,,,,,,,,,,,,,,,,,,"
",,,,,,,,,,,,,,,,,,,,,,,"
",,,,,,,,,,,,,,,,,,,,,,,"
",,,,,,,,,,,,,,,,,,,,,,,"
",,,,,,,,,,,,,,,,,,,,,,,"
",,,,,,,,,,,,,,,,,,,,,,,"
",,,,,,,,,,,,,,,,,,,,,,,"
",,,,,,,,,,,,,,,,,,,,,,,"
",,,,,,,,,,,,,,,,,,,,,,,"
",,,,,,,,,,,,,,,,,,,,,,,"
",,,,,,,,,,,,,,,,,,,,,,,"
",,,,,,,,,,,,,,,,,,,,,,,"
",,,,,,,,,,,,,,,,,,,,,,,"
",,,,,,,,,,,,,,,,,,,,,,,"
",,,,,,,,,,,,,,,,,,,,,,,"
",,,,,,,,,,,,,,,,,,,,,,,"
",,,,,,,,,,,,,,,,,,,,,,,"
",,,,,,,,,,,,,,,,,,,,,,,"
",,,,,,,,,,,,,,,,,,,,,,,"
",,,,,,,,,,,,,,,,,,,,,,,"
",,,,,,,,,,,,,,,,,,,,,,,"
",,,,,,,,,,,,,,,,,,,,,,,"
",,,,,,,,,,,,,,,,,,,,,,,"
",,,,,,,,,,,,,,,,,,,,,,,"
",,,,,,,,,,,,,,,,,,,,,,,"
",,,,,,,,,,,,,,,,,,,,,,,"
",,,,,,,,,,,,,,,,,,,,,,,"
",,,,,,,,,,,,,,,,,,,,,,,"
",,,,,,,,,,,,,,,,,,,,,,,"
",,,,,,,,,,,,,,,,,,,,,,,"
",,,,,,,,,,,,,,,,,,,,,,,"
",,,,,,,,,,,,,,,,,,,,,,,"
",,,,,,,,,,,,,,,,,,,,,,,"
",,,,,,,,,,,,,,,,,,,,,,,"
",,,,,,,,,,,,,,,,,,,,,,,"
",,,,,,,,,,,,,,,,,,,,,,,"
",,,,,,,,,,,,,,,,,,,,,,,"
",,,,,,,,,,,,,,,,,,,,,,,"
",,,,,,,,,,,,,,,,,,,,,,,"
",,,,,,,,,,,,,,,,,,,,,,,"
",,,,,,,,,,,,,,,,,,,,,,,"
",,,,,,,,,,,,,,,,,,,,,,,"
",,,,,,,,,,,,,,,,,,,,,,,"
",,,,,,,,,,,,,,,,,,,,,,,"
",,,,,,,,,,,,,,,,,,,,,,,"
",,,,,,,,,,,,,,,,,,,,,,,"
",,,,,,,,,,,,,,,,,,,,,,,"
",,,,,,,,,,,,,,,,,,,,,,,"
",,,,,,,,,,,,,,,,,,,,,,,"
",,,,,,,,,,,,,,,,,,,,,,,"
",,,,,,,,,,,,,,,,,,,,,,,"
",,,,,,,,,,,,,,,,,,,,,,,"
",,,,,,,,,,,,,,,,,,,,,,,"
",,,,,,,,,,,,,,,,,,,,,,,"
",,,,,,,,,,,,,,,,,,,,,,,"
",,,,,,,,,,,,,,,,,,,,,,,"
",,,,,,,,,,,,,,,,,,,,,,,"
",,,,,,,,,,,,,,,,,,,,,,,"
",,,,,,,,,,,,,,,,,,,,,,,"
",,,,,,,,,,,,,,,,,,,,,,,"
",,,,,,,,,,,,,,,,,,,,,,,"
",,,,,,,,,,,,,,,,,,,,,,,"
",,,,,,,,,,,,,,,,,,,,,,,"
",,,,,,,,,,,,,,,,,,,,,,,"
",,,,,,,,,,,,,,,,,,,,,,,"
",,,,,,,,,,,,,,,,,,,,,,,"
",,,,,,,,,,,,,,,,,,,,,,,"
",,,,,,,,,,,,,,,,,,,,,,,"
",,,,,,,,,,,,,,,,,,,,,,,"
",,,,,,,,,,,,,,,,,,,,,,,"
",,,,,,,,,,,,,,,,,,,,,,,"
",,,,,,,,,,,,,,,,,,,,,,,"
",,,,,,,,,,,,,,,,,,,,,,,"
",,,,,,,,,,,,,,,,,,,,,,,"
",,,,,,,,,,,,,,,,,,,,,,,"
",,,,,,,,,,,,,,,,,,,,,,,"
",,,,,,,,,,,,,,,,,,,,,,,"
",,,,,,,,,,,,,,,,,,,,,,,"
",,,,,,,,,,,,,,,,,,,,,,,"
",,,,,,,,,,,,,,,,,,,,,,,"
",,,,,,,,,,,,,,,,,,,,,,,"
",,,,,,,,,,,,,,,,,,,,,,,"
",,,,,,,,,,,,,,,,,,,,,,,"
",,,,,,,,,,,,,,,,,,,,,,,"
",,,,,,,,,,,,,,,,,,,,,,,"
",,,,,,,,,,,,,,,,,,,,,,,"
",,,,,,,,,,,,,,,,,,,,,,,"
",,,,,,,,,,,,,,,,,,,,,,,"
",,,,,,,,,,,,,,,,,,,,,,,"
",,,,,,,,,,,,,,,,,,,,,,,"
",,,,,,,,,,,,,,,,,,,,,,,"
",,,,,,,,,,,,,,,,,,,,,,,"
",,,,,,,,,,,,,,,,,,,,,,,"
",,,,,,,,,,,,,,,,,,,,,,,"
",,,,,,,,,,,,,,,,,,,,,,,"
",,,,,,,,,,,,,,,,,,,,,,,"
",,,,,,,,,,,,,,,,,,,,,,,"
",,,,,,,,,,,,,,,,,,,,,,,"
",,,,,,,,,,,,,,,,,,,,,,,"
",,,,,,,,,,,,,,,,,,,,,,,"
",,,,,,,,,,,,,,,,,,,,,,,"
",,,,,,,,,,,,,,,,,,,,,,,"
",,,,,,,,,,,,,,,,,,,,,,,"
",,,,,,,,,,,,,,,,,,,,,,,"
",,,,,,,,,,,,,,,,,,,,,,,"
",,,,,,,,,,,,,,,,,,,,,,,"
",,,,,,,,,,,,,,,,,,,,,,,"
",,,,,,,,,,,,,,,,,,,,,,,"
",,,,,,,,,,,,,,,,,,,,,,,"
",,,,,,,,,,,,,,,,,,,,,,,"
",,,,,,,,,,,,,,,,,,,,,,,"
",,,,,,,,,,,,,,,,,,,,,,,"
",,,,,,,,,,,,,,,,,,,,,,,"
",,,,,,,,,,,,,,,,,,,,,,,"
",,,,,,,,,,,,,,,,,,,,,,,"
",,,,,,,,,,,,,,,,,,,,,,,"
",,,,,,,,,,,,,,,,,,,,,,,"
",,,,,,,,,,,,,,,,,,,,,,,"
",,,,,,,,,,,,,,,,,,,,,,,"
",,,,,,,,,,,,,,,,,,,,,,,"
",,,,,,,,,,,,,,,,,,,,,,,"
",,,,,,,,,,,,,,,,,,,,,,,"
",,,,,,,,,,,,,,,,,,,,,,,"
",,,,,,,,,,,,,,,,,,,,,,,"
",,,,,,,,,,,,,,,,,,,,,,,"
",,,,,,,,,,,,,,,,,,,,,,,"
",,,,,,,,,,,,,,,,,,,,,,,"
",,,,,,,,,,,,,,,,,,,,,,,"
",,,,,,,,,,,,,,,,,,,,,,,"
",,,,,,,,,,,,,,,,,,,,,,,"
",,,,,,,,,,,,,,,,,,,,,,,"
",,,,,,,,,,,,,,,,,,,,,,,"
",,,,,,,,,,,,,,,,,,,,,,,"
",,,,,,,,,,,,,,,,,,,,,,,"
",,,,,,,,,,,,,,,,,,,,,,,"
",,,,,,,,,,,,,,,,,,,,,,,"
",,,,,,,,,,,,,,,,,,,,,,,"
",,,,,,,,,,,,,,,,,,,,,,,"
",,,,,,,,,,,,,,,,,,,,,,,"
",,,,,,,,,,,,,,,,,,,,,,,"
",,,,,,,,,,,,,,,,,,,,,,,"
",,,,,,,,,,,,,,,,,,,,,,,"
",,,,,,,,,,,,,,,,,,,,,,,"
",,,,,,,,,,,,,,,,,,,,,,,"
",,,,,,,,,,,,,,,,,,,,,,,"
",,,,,,,,,,,,,,,,,,,,,,,"
",,,,,,,,,,,,,,,,,,,,,,,"
",,,,,,,,,,,,,,,,,,,,,,,"
",,,,,,,,,,,,,,,,,,,,,,,"
",,,,,,,,,,,,,,,,,,,,,,,"
",,,,,,,,,,,,,,,,,,,,,,,"
",,,,,,,,,,,,,,,,,,,,,,,"
",,,,,,,,,,,,,,,,,,,,,,,"
",,,,,,,,,,,,,,,,,,,,,,,"
",,,,,,,,,,,,,,,,,,,,,,,"
",,,,,,,,,,,,,,,,,,,,,,,"
",,,,,,,,,,,,,,,,,,,,,,,"
",,,,,,,,,,,,,,,,,,,,,,,"
",,,,,,,,,,,,,,,,,,,,,,,"
",,,,,,,,,,,,,,,,,,,,,,,"
",,,,,,,,,,,,,,,,,,,,,,,"
",,,,,,,,,,,,,,,,,,,,,,,"
",,,,,,,,,,,,,,,,,,,,,,,"
",,,,,,,,,,,,,,,,,,,,,,,"
",,,,,,,,,,,,,,,,,,,,,,,"
",,,,,,,,,,,,,,,,,,,,,,,"
",,,,,,,,,,,,,,,,,,,,,,,"
",,,,,,,,,,,,,,,,,,,,,,,"
",,,,,,,,,,,,,,,,,,,,,,,"
",,,,,,,,,,,,,,,,,,,,,,,"
",,,,,,,,,,,,,,,,,,,,,,,"
",,,,,,,,,,,,,,,,,,,,,,,"
",,,,,,,,,,,,,,,,,,,,,,,"
",,,,,,,,,,,,,,,,,,,,,,,"
",,,,,,,,,,,,,,,,,,,,,,,"
",,,,,,,,,,,,,,,,,,,,,,,"
",,,,,,,,,,,,,,,,,,,,,,,"
",,,,,,,,,,,,,,,,,,,,,,,"
",,,,,,,,,,,,,,,,,,,,,,,"
",,,,,,,,,,,,,,,,,,,,,,,"
",,,,,,,,,,,,,,,,,,,,,,,"
",,,,,,,,,,,,,,,,,,,,,,,"
",,,,,,,,,,,,,,,,,,,,,,,"
",,,,,,,,,,,,,,,,,,,,,,,"
",,,,,,,,,,,,,,,,,,,,,,,"
",,,,,,,,,,,,,,,,,,,,,,,"
",,,,,,,,,,,,,,,,,,,,,,,"
",,,,,,,,,,,,,,,,,,,,,,,"
",,,,,,,,,,,,,,,,,,,,,,,"
",,,,,,,,,,,,,,,,,,,,,,,"
",,,,,,,,,,,,,,,,,,,,,,,"
",,,,,,,,,,,,,,,,,,,,,,,"
",,,,,,,,,,,,,,,,,,,,,,,"
",,,,,,,,,,,,,,,,,,,,,,,"
",,,,,,,,,,,,,,,,,,,,,,,"
",,,,,,,,,,,,,,,,,,,,,,,"
",,,,,,,,,,,,,,,,,,,,,,,"
",,,,,,,,,,,,,,,,,,,,,,,"
",,,,,,,,,,,,,,,,,,,,,,,"
",,,,,,,,,,,,,,,,,,,,,,,"
",,,,,,,,,,,,,,,,,,,,,,,"
",,,,,,,,,,,,,,,,,,,,,,,"
",,,,,,,,,,,,,,,,,,,,,,,"
",,,,,,,,,,,,,,,,,,,,,,,"
",,,,,,,,,,,,,,,,,,,,,,,"
",,,,,,,,,,,,,,,,,,,,,,,"
",,,,,,,,,,,,,,,,,,,,,,,"